QuestionId,Category,Title,Prompt,ModelAnswer,University,Difficulty,Reference,Source
NLM-001,面接,アドミッション・ポリシーへの理解,【基本質問】私たちの大学（学部）の「アドミッション・ポリシー」の中で、あなたが最も共感する項目はどれですか？【深掘り質問】その項目を体現しているあなたの具体的な行動は？ 大学生活でそれをどう深めていきたいですか？,・特定のポリシーの文言の引用・自身のこれまでの活動との合致・そのポリシーが社会に必要とされる理由・入学後の学習を通じた自己更新・将来その精神をどう社会で実践するか。採点ポイント：大学の理念を十分に理解しているか。言葉の意味を自分自身の体験に引き寄せて（具体的な詞書きのように）具体化できているかを評価する。,（志望大学のポリシーに準ずる）,標準,365日の小論文「第26週 相手に合わせた話題」「第31週 詞書き」,1
NLM-002,小論文,デジタル投票と民主主義の変容,【課題文要旨】若者の投票率向上のため、スマートフォン等による電子投票の導入が議論されている。利便性は高まるが、なりすましや投票の質の低下、サイバー攻撃のリスクも指摘されている。【設問】日本は国政選挙に電子投票を導入すべきか。その功罪を整理した上で、あなたの考えを1000字以内で述べなさい。,・電子投票のメリット（コスト削減、利便性）を挙げる（引用） ・電子投票のデメリット（不正、安易な投票）を挙げる（引用） ・導入の是非について自分の「判断」を下す（全肯定・全否定・条件付き等） ・判断の根拠として、日本の政治文化や教育の現状を分析する ・技術的対策と、有権者のリテラシー教育の両面から「提案」を行う 採点ポイント：設問の要求（功罪、自分の考え）に過不足なく応答できているか。,社会人入試・法学部系,標準,小論文のツボ60（例題1）：設問応答型小論文の典型例（電子投票）,2
NLM-003,小論文,教育格差と機会の平等,【課題文要旨】親の経済力や居住地域によって教育環境に差が生じる「教育格差」が固定化されつつある。IT技術の活用でオンライン学習は普及したが、動機付けや環境整備には依然として格差が存在する。【設問】教育の機会平等を守るために、行政や学校が果たすべき役割を800字以内で論じなさい。,・現状の格差をデータや具体例で提示する（報告） ・格差の真因を、経済面だけでなく「情報・意欲の格差」から分析する（分析） ・「神の視点（断定的な語調）」を使いつつ、大胆な政策を提言する ・教育を単なる「知識の詰め込み」から「思考の場」へ変える案を出す（提案） ・「起承転結」ではなく「応答・根拠・提案」の型で構成する 採点ポイント：批判に終始せず、必ず建設的な「対案（提案）」を含めているか。,教育学部・文学部系,発展,"小論文のツボ60（13, 23）：起承転結の否定と「批判には必ず提案を」の原則",2
NLM-004,小論文,「死の教育」の現代的意義,【課題文要旨】現代社会では「死」が日常生活から隔離され、隠蔽される傾向にある。しかし、死を直視することは、生をより豊かにすることに繋がるという考え方（デス・エデュケーション）がある。【設問】学校教育において「死」をどのように扱うべきか。あなたの考えを800字以内で論じなさい。,・現代の「死の否定」という時代背景を引用する ・特定の死生観を押し付けることの「有害性」に触れる（反例） ・言葉による知識教育だけでなく、「感じる教育（例：動物飼育）」を提案する ・「死」を「生の有限性」として捉え直す視点を示す（判断） ・結論を最初に明快に述べる（応答） 採点ポイント：デリケートなテーマに対し、誠実かつ論理的な距離感を保って論じられているか。,看護学部・医学部・福祉系,発展,小論文のツボ60（例題2）：死の教育を通じた引用・判断・根拠・提案の練習,2
NLM-005,小論文,異文化理解とコミュニケーション,【課題文要旨】グローバル化により異なる背景を持つ人々との共生が求められている。しかし、「郷に入っては郷に従え」という考えと、個々の多様な文化を尊重する考えが衝突することもある。【設問】多文化共生社会において、他者と「共通の土台」を築くために必要な態度は何か、600字以内で論じなさい。,・議論の前提（共通認識）を疑うところから始める（誠実な疑い） ・主語（私は〜）を明確にし、自分自身の視点から語る ・「曖昧な表現」を避け、定義を明確にした言葉を使う（一文一義） ・同類・対極の事例を比較し、コミュニケーションの本質を導き出す ・単なる「寛容」という精神論ではなく、具体的な対話の「型」を提案する 採点ポイント：日本的な「察する文化」に依存せず、論理的・明示的な伝達力を示せているか。,国際学部・外国語学部系,標準,"小論文のツボ60（19, 38）：神の視点（断定）と主語・目的語の明記",2
NLM-006,面接,専門分野の倫理性と価値判断,基本質問：「（専門分野の倫理的問題について）あなたはどう考えますか？（例：出生前診断、環境破壊、AIの倫理等）」 深掘り質問：「その問題における『事実（客観的データ）』と、あなたの『意見（価値判断）』を明確に分けて説明してください。また、社会全体にとっての『善』とは何かをどう定義しますか？」,・感情的な反応ではなく、まず客観的な「事実」を整理して述べる ・自分の「価値判断」がどのような前提に基づいているかを明示する ・「二者択一」の議論に逃げず、複雑なトレードオフ関係を認める（分析） ・対立する利害関係者の意見を「引用」し、その上で自分の判断を述べる ・社会的文脈を踏まえた、持続可能な「提案」で締めくくる 採点ポイント：高度な論理的思考力と、専門職を志す者としての倫理観をバランス良く示せているか。,医学部・法学部・工学部系,発展,"小論文のツボ60（49, 51）：事実と意見の区別、二者択一の回避",2
NLM-007,小論文,図表読解：ボランティア意識の国際比較,【資料】日本の若者のボランティア参加率が諸国と比較して極端に低い一方、参加動機として「自己成長」や「新しい出会い」を挙げる割合が高いという二つの図表を提示。【設問】図表から読み取れる日本の現状を解説した上で、その要因を考察し、今後のあり方を800字以内で述べなさい。,・図表の「極端な部分」の指摘（読解） ・参加率の低さと個人的動機の強さの因果分析 ・社会制度や教育背景との関連付け ・ボランティアの定義の再構築（パラダイムシフト） ・参加を促す「仕組み」の提案 採点ポイント：図表の数値を正確に「引用」し、そこから論理的な「判断」を導けているか。独りよがりな妄想（主観的根拠）に陥っていないかを評価する。,看護系大学（傾向参考）,標準,小論文のツボ60 第30項。図表の「極端な部分」に注目し、主張を読み取る手法,3
NLM-008,小論文,環境問題と経済活動の共存,【課題文要旨】気候変動対策としての「脱成長」という考え方がある一方で、途上国の経済発展を優先すべきだという議論もある。この対立する二つの視点を踏まえ、環境と経済を両立させるために必要なイノベーションについて、あなたの考えを800字以内で述べなさい。,・二つの視点の整理と矛盾の指摘・両立が必要な理由・具体的なイノベーションの例・その実現に向けた障壁の分析・国際的な協力体制の必要性・結論。採点ポイント：多角的な視点（二律背反の調整）を持ち、社会科学的な基礎知識を用いて論理的に解決策を提示しているか。,法学部・経済学部,発展,4 社会科学系学部の頻出テーマ（経済格差・環境）と、問題解決の視点を反映。,4
NLM-009,小論文,学校教育におけるデジタル化,【課題文要旨】GIGAスクール構想により一人一台端末が普及したが、教員の指導力や生徒のネットリテラシーには格差がある。教育の質を均一化するために優先すべき施策は何か、あなたの意見を600字以内で記述しなさい。,・ICT活用の現状と格差の指摘・最優先すべき施策の提示（教員研修か教材開発か等）・その施策が有効である根拠・予想される副作用と対策・教育の本来の目的との整合性・まとめ。採点ポイント：教育現場の具体的課題を把握し、一貫性のある論理構成（導入・本論・結論）で記述できているか。,教育学部,標準,4 教育学部の頻出テーマと、構成力（パラグラフごとの役割）の指導。,4
NLM-010,小論文,医師の働き方改革と地域医療,【課題文要旨】医師の長時間労働を制限する「働き方改革」は、地方の医師不足を加速させる懸念がある。医療の安全と提供体制の維持をどう両立させるべきか、提示された「地域別医師数」のデータを参照して800字以内で論じなさい。,・医師偏在のデータの客観的分析・働き方改革の意義（安全・健康）・地方医療崩壊の懸念の整理・タスク・シフティング等の具体的解決策・自身の将来の医療従事者としての覚悟・結論。採点ポイント：専門分野（医学）への関心の高さと、データに基づいた多角的・客観的な分析力を評価。,医学部・看護学部,発展,4 医療系学部の頻出テーマと、データ読み取りと意見の接続を反映。,4
NLM-011,小論文,伝統文化の継承とグローバル化,【課題文要旨】グローバル化の中で、固有の伝統文化が失われつつある。文化を「保存」するだけでなく「活用」することの意義について、具体的な事例を一つ挙げながら600字以内で述べなさい。,・伝統文化の衰退の背景・「保存」と「活用」の定義の違い・具体的な活用事例の提示・活用が文化継承に与えるプラスの影響・変化することへの反論に対する回答・まとめ。採点ポイント：具体的な事例（オリジナルな例）を用い、文学的表現を避け、論理的に説明できているか。,文学部・人文学部,標準,4 オリジナリティ（具体的な例）の提示と、比喩や文学的表現の回避を反映。,4
NLM-012,小論文,科学技術の倫理的限界,【課題文要旨】遺伝子操作技術など、科学は「できること」を拡大し続けているが、倫理的に「すべきでないこと」との境界が曖昧になっている。科学の進歩をコントロールするために必要な仕組みを600字以内で論じなさい。,・科学技術の進展に伴う倫理的リスク・現状のチェック体制の限界・提案する新たな「仕組み」（市民参画等）・その仕組みの妥当性の根拠・科学者の責任と社会の合意・まとめ。採点ポイント：問題の背景にある本質を理解し、実現可能性のある解決策を論理的に提示できているか。,理学部・工学部,標準,4 問題の背景分析と解決策の提示、理系学部の論理構成を反映。,4
NLM-013,面接,倫理観とプロ意識,「あなたが志望する職種や研究分野において、最も重要だと思う『倫理』は何ですか。深掘り質問：もし仕事上で、その倫理と利益が相反する状況になったら、あなたはどう行動しますか？」,・分野固有の倫理観の定義・それが重要な理由の分析・ジレンマ状況の想定・行動の優先順位と判断基準・誠実さと責任感の表明・長期的視点での正当性の説明。採点ポイント：専門分野の基礎知識と、困難な判断局面での論理的一貫性・誠実さを評価します。,医学部・法学部,発展,4 専門分野の基礎知識と、医療等の特定分野における倫理性・価値観を反映。,4
NLM-014,小論文,人口減少下における「国家のアイデンティティ」,【要旨】日本は2005年から人口減少社会に突入しており、労働力不足の解消策として移民受け入れの是非が議論されている。しかし、単なる労働力としての導入は、社会の分断や治安悪化を招くとの懸念もある。重要なのは、多様な民族を受け入れた後に、日本という国家がどのような「アイデンティティ」を再構築していくかである。／以上の要旨を踏まえ、日本は今後「多民族国家」としての道を歩むべきか、あるいは「日本独自の伝統や文化」を軸とした国家を守るべきか。あなたの考えを述べなさい。（800字）,・移民受け入れのメリット（生産年齢人口の維持）とデメリット（摩擦、アイデンティティの希薄化）を整理する。・「愛国心」や「アイデンティティ」の定義を自ら提示する。・「日本的なもの」を固定的な伝統ではなく、他者を取り込んで更新される動的なものと捉える。・教育による統合（多文化共生教育）の具体案を検討する。・「島国根性」を超えた「World Project」としての国家像を論じる。採点ポイント：二項対立の議論を深掘りし、現実的な解決策と将来のビジョンを統合できているかを評価します。,慶應義塾大学 法学部（類似傾向）,発展,「移民受け入れとアイデンティティの議論」5。,5
NLM-015,志望理由書,共生社会への寄与と自己の専門性,本学のアドミッション・ポリシーにある「共生社会に寄与する能力」について、あなたのこれまでの経験に基づき、本学部で何を専門的に学び、将来どのように社会へ貢献したいと考えているか、具体的に述べてください。,・アドミッション・ポリシーへの深い理解を示す ・「共生社会」に対する自分なりの定義を記述 ・他者との協働経験（生徒会、地域活動等）を提示 ・志望学部で修得したい具体的な知識・技能 ・卒業後の職業を通じた具体的な社会貢献イメージ ・他者とのコミュニケーション能力の誇示 ・採点ポイント：大学が求める学生像（AP）と本人の将来目標が、具体的なエピソードを通じて合致しているかを重視します。,文京学院大学,発展,6アドミッション・ポリシーの五項目（主体性、将来展望等）を反映させる指導法を引用。,6
NLM-016,面接,工学への興味とニュース（口頭試問型）,基本質問：最近気になる工学系のニュースは何ですか？ 深掘り質問：そのニュースの技術的な仕組みについて、高校で学んだ物理や数学の知識を使って説明できますか？その技術が社会に普及した際、どのような倫理的課題が考えられますか？,・特定の科学技術ニュース（ロボット、新素材、エネルギー等）の紹介 ・高校の学習範囲（物理法則、数式）を用いた原理の平易な説明 ・技術の社会実装におけるメリットとデメリットの分析 ・倫理的課題（安全面、格差、悪用等）に対する自身の見解 ・技術者（または専門家）として持つべき責任感の表明 ・大学で深く究明したい専門的な問いの提示 ・採点ポイント：基礎学力と専門知識の接続、および技術に対する倫理的な視点を評価します。,鹿児島大学（機械工学科等の理系学部）,発展,7 国公立大特有の口頭試問や物理・数学の知識を問う傾向を反映。,7
NLM-017,志望理由書,学習履歴（調査書）の主体的解釈,あなたの高校生活における学習履歴（調査書の評定や活動実績）を振り返り、特定の科目や活動に注力した理由と、それがあなたの専門的関心にどう繋がっているか、400字以内で論理的に説明してください。,・数値化された評定の背後にある「学習の動機」 ・特定の学問への興味が芽生えた具体的な授業や行事 ・主体的に学びを深めるために取った追加の行動（読書、学外活動等） ・自身の弱点をどう補い、強みをどう伸ばしたかの分析 ・大学での専門教育を受けるための基礎学力の自己証明 【採点ポイント】受動的な学習ではなく、自律的思考（Student Agency）を持って学んできたかを評価する。,早稲田大学等,標準,8 継続的な学習履歴（調査書）と探究活動を複雑に組み合わせる、難関大の最新評価モデルに基づく。,8
NLM-018,志望理由書,デジタル時代における学問の誠実性,生成AI等のテクノロジーが普及する社会において、あなたが大学で「自らの足で稼ぐ一次情報」を重視する理由と、それをどのように自身の研究に活かしたいか、600字以内で記述してください。,・AIの限界（二次情報の組み合わせ）の認識 ・身体性を伴う体験（現場での摩擦、対話）の固有価値 ・学問的誠実性（剽窃の否定とオリジナリティ）への誓約 ・具体的なフィールドワークや実験の計画 ・テクノロジーを「作業」に使い、自身は「意思決定」に集中する姿勢 【採点ポイント】AI時代の「知のあり方」に対する自己の見解と、一次情報を軽視しない学問的態度を評価する。,上智大学・早稲田大学等,標準,8 「学問的誠実性」を求める大学の指針と、一次情報の価値逆転現象を反映。,8
NLM-019,面接,一次情報と学問的誠実性の確認,【基本質問】志望理由書に記載した探究活動について、最も苦労した点を教えてください。 【深掘り質問】ネットやAIで調べれば済むことを、あえて「自分の足で稼ぐ（現場に行く、対話する等）」ことで得られた発見は何ですか？その発見はあなたの考えをどう変えましたか？,・現場での摩擦、理不尽な現実、生々しい対話の内容 ・ネットの二次情報と一次情報のギャップの発見 ・自分の予測（Anticipation）が裏切られた時の驚きと学び ・身体性を伴う体験によって得られた、確信に満ちた言葉 ・AI時代における情報の価値判断基準の提示 ・学問的誠実性を感じさせる、自分の言葉での説明 【採点ポイント】AIには捏造できない現場のディテールを、熱量を持って語れているかを重視する。,上智大学・早稲田大学等,標準,8 現場知を重視し、AIによる虚構を見抜くアドミッションオフィサーの視点を反映。,8
NLM-020,志望理由書,データサイエンス学部 志望理由,(文理融合型DS学部を想定) あなたが将来データ分析の知見を活かして解決したい社会問題を一つ挙げ、そのために本学部で何を学ぶ必要があるか述べなさい。,・解決したい社会課題（環境、経済、医療等）の特定・現在の自分の知識不足（Gap）の自覚・統計学やプログラミング等、本学部で習得したいスキルの具体化・採点ポイント：文系的な問題意識と理系的な手法（DS）の融合が図られているか。大学のオープンキャンパス情報等を反映しているか。,滋賀大学、お茶の水女子大学等,発展,9 データサイエンスを活かして社会を変える姿勢を問う傾向。,9
NLM-021,志望理由書,グローバルリーダーへの決意表明,あなたが考える「グローバルリーダー」の定義を述べた上で、世界をどのように変えたいか、そのために本学部の国際的な環境をどう活用するか記述しなさい。,・自分なりの「グローバルリーダー像」の定義・具体的な社会貢献のフィールド（アジア地域、ビジネス界等）・志望校の国際交流プログラムや留学制度の具体的な活用法・採点ポイント：単なる「語学学習」に留まらず、手段として語学を使い何を成し遂げるかまで言及されているか。,立教大学、APU等,発展,9 「語学を学びたい」だけでなく、手段としての語学活用を求める傾向。,9
NLM-022,志望理由書,地域貢献とキャリアプラン,(地域枠や地域学部を想定) 特定の地域（出身地など）が抱える課題に対し、本学での学びをどう還元したいか、将来のキャリアプランと共に述べなさい。,・対象地域の具体的な課題分析・大学での専門的な学びの内容・将来その地域でどのように働くか（公務員、起業等）・採点ポイント：地域のニーズと大学の教育目的が一致しているか。実現可能性のあるプランか。,秋田大学、地域系学部等,標準,9 資源政策や地域課題に対する行政・公務での関与を求める傾向。,9
NLM-023,小論文,高齢社会における医療と倫理,「尊厳死」や「在宅医療」など、超高齢社会が直面する課題について、患者の権利と医師の責任の観点からあなたの考えを記述しなさい。（課題文なし・テーマ型・800字）,・序論：高齢化に伴う終末期医療の現状提示・本論1：患者の自己決定権（インフォームド・コンセント）の重要性・本論2：医師・家族が直面する倫理的葛藤と多職種連携の必要性・結論：個人の尊厳を守るための社会のあり方・採点ポイント：感情論にならず、客観的な分析と論理的根拠があるか。「思う」だけでなく断定の表現が使えるか。,医学部等,発展,"10, 11 高齢社会、医療倫理のテーマと、小論文の論理性重視の観点。","10, 11"
NLM-024,小論文,地域医療格差と医師の偏在,都市部に医師が集中し、地方で不足する「医師の偏在」が問題となっている。この問題を解決するために、行政や医療機関が取るべき対策について提案しなさい。,・序論：地域間の医師数格差の現状・本論1：現在の対策（地域枠等）の効果と残された課題・本論2：ICT（遠隔医療）の活用や勤務環境改善などの新規提案・結論：全ての国民が均等に医療を受けられる社会の実現・採点ポイント：課題の本質を捉え、独自の解決策を提示できているか。医療知識があるか。,医学部（地域枠）等,発展,10 地域医療の課題解決能力を問う指導観点。,10
NLM-025,小論文,フールプルーフの概念と社会設計,「フールプルーフ」の考え方が活かされている身近な事例を挙げ、それが社会の安全や利便性にどう寄与しているか、あなたの考えを1000字以内で述べなさい。,・序論：フールプルーフの定義（誤操作防止設計）の説明・本論1：具体的な事例（洗濯機、ガスコンロ、医療機器等）の提示・本論2：ヒューマンエラーを前提としたシステム設計の重要性分析・結論：誰もが安心して暮らせる「ユニバーサルデザイン」への展開・採点ポイント：概念を正しく理解し、具体例から抽象的な分析へ繋げられているか。,横浜市立大学等,標準,10 2024年度横浜市立大学の出題事例（概念の考察）に基づく。,10
NLM-026,小論文,チーム医療におけるコミュニケーション,現代医療において「チーム医療」が重視される背景を述べ、異なる職種が連携する際に最も重要だと考えることは何か、自身の考えを記述しなさい。,・序論：高度化・複雑化する現代医療における多職種連携の必要性・本論1：情報の共有（インフォームド・コンセント）の質向上・本論2：互いの専門性を尊重しつつ、患者中心の視点を持つこと・結論：より良い医療を提供するためのコミュニケーションのあり方・採点ポイント：医師としての独断ではなく、他職種への共感性や協調性が示されているか。,医学部等,標準,10 チーム医療・多職種連携とコミュニケーション能力の重視。,10
NLM-027,小論文,「学ぶこと」の意義と創造性,(課題文型) 学問を「役立つか否か」で判断する傾向がある中、未知の事柄を学ぶ喜びや創造することの価値について、あなたの体験を含めて述べなさい。（800字）,・序論：実学重視の風潮に対する疑問提示・本論1：自身の体験（探究活動や部活動）における発見の喜び・本論2：一見無駄に見える学びが、新たな価値を創造する原動力になる分析・結論：生涯学び続ける姿勢の重要性・採点ポイント：課題文の要旨を正確に反映しつつ、自身のオリジナリティある体験を統合できているか。,東海大学等,標準,10 2025年度東海大学の出題事例（学ぶ喜び、自身の体験）に基づく。,10
NLM-028,小論文,医師の働き方改革と医療の質,医師の長時間労働の是正（働き方改革）が進められているが、これにより懸念される「医療サービスの低下」をどう防ぐべきか。あなたの提言を述べなさい。,・序論：医師の過酷な労働環境と改革の必要性・本論1：タスク・シフティング（業務分担）の推進・本論2：デジタル化による業務効率化と質の担保・結論：持続可能な医療体制の構築・採点ポイント：社会問題に対する具体的な解決策を提示できているか。一貫性があるか。,医学部等,発展,10 医師の働き方改革と課題発見・解決能力の評価。,10
NLM-029,小論文,科学技術の進歩と倫理的葛藤,ゲノム編集や再生医療など、生命の根源に関わる技術が進歩している。これらの技術を利用する際に、我々が守るべき一線（倫理的基準）とは何か。,・序論：先端医療技術の進歩による恩恵とリスクの提示・本論1：優生思想への懸念や生命の尊厳に対する議論・本論2：社会全体での合意形成と透明性のあるルール作り・結論：技術の暴走を防ぐための「人間性」の再定義・採点ポイント：高度な医療知識を論理的に構成できているか。一貫した倫理観があるか。,医学部等,発展,10 再生医療・遺伝子治療の進歩と倫理的課題の頻出テーマ。,10
NLM-030,面接,医師としての適性と倫理観,(医学部) あなたが理想とする医師像を教えてください。また、忙しい臨床現場で、患者の「人間性」を尊重するために、あなたならどう行動しますか？,・理想の医師像の提示・多忙な中でも「さんづけ」や傾聴など、個人を尊重する具体的な習慣・チーム医療の中での自身の振る舞い・採点ポイント：知識だけでなく、豊かな人間性と高いコミュニケーション能力を感じさせるか。,医学部等,標準,"10, 12 ポジションではなく「個人」として接する人間関係能力と医師適性。","10, 12"
NLM-031,志望理由書,挫折経験と大学での探究テーマ,高校生活において最も大きな挫折や失敗を経験した出来事を取り上げ、その経験から何を学んだか、そしてその学びを志望する学部・学科での学修や研究にどのように結びつけていくか、800字以内で論じなさい。,"要点：
1. 高校時代に直面した具体的な挫折・失敗経験の提示
2. 失敗の原因を客観的に分析する姿勢
3. 失敗から得られた教訓や自身の価値観の変化
4. その教訓と志望学部の学問分野との論理的なつながり
5. 大学で具体的に取り組みたい研究・学習テーマの提示
6. 卒業後にその学びを社会でどう活かすかという展望

採点ポイント：単なる苦労話に終始せず、失敗を客観的に分析できているかが重要です。また、その経験が志望理由に結びつくプロセスに必然性が感じられるかを評価します。",,標準,9割受かる！公務員試験 「作文・小論文」の勉強法.pdf (過去の失敗経験から未来の志望理由への接続を求める指導観点を応用),NotebookLM（131資料）
NLM-032,志望理由書,専門職志望とカリキュラムの合致,あなたが将来目指す専門的な職業（例：教師、看護師、公認会計士など）を明記し、その職業に就くために不可欠だと考える資質や能力を挙げなさい。その上で、本学のカリキュラムや教育環境が、その能力を身につける上でどのように最適であるかを600字以内で説明しなさい。,"要点：
1. 将来目指す明確な職業像の提示
2. その職業において現代社会で求められる役割や能力の分析
3. 自身に現在不足している知識やスキルの自覚
4. 志望大学独自のカリキュラム（実習、資格課程など）の具体的な提示
5. 大学の特色が自身の課題克服や目標達成に合致していることの論証

採点ポイント：目指す職業の一般的なイメージだけでなく、現代の課題に即した役割を理解しているかが問われます。また、他大学ではなくなぜその大学なのかを、具体的なカリキュラム名を挙げて説得力を持たせているかが評価されます。",,基礎,高１からはじめる志望理由書・面接対策 もう失敗しない！ 高１からはじめる大学受験シリーズ.pdf (「なぜ大学に？」「なぜその大学に？」という明確な理由付けを求める観点を応用),NotebookLM（131資料）
NLM-033,志望理由書,少子高齢化に伴う労働市場の課題,少子高齢化の進行により、日本では深刻な労働力不足が懸念されています。この問題に対して、あなたが関心を持っている業界や企業はどのような対策を講じるべきと考えますか。また、その解決のために本学経営学部でどのような知識やスキルを身につけたいか、800字以内で記述しなさい。,"要点：
1. 少子高齢化と労働力不足に関する現状の客観的分析
2. 関心のある業界・企業における具体的な影響や課題の提示
3. 課題解決に向けた自分なりの仮説やアプローチの提示
4. そのアプローチを実現するために経営学部で学ぶべき領域（人事、組織論など）の明示
5. 本学の特徴的なプログラムやゼミでの具体的な学修計画

採点ポイント：社会問題（マクロ）と特定の業界・企業（ミクロ）の課題を論理的に結びつけられているかがポイントです。大学での学びがその課題解決の手段として機能しているかの一貫性を評価します。",,標準,【2026年度】小論文の頻出テーマ予想10選| ProofPath (頻出テーマ「少子高齢化・人口減少」を経営学部の志望理由に接続する観点を応用),NotebookLM（131資料）
NLM-034,志望理由書,学際的な視点からアプローチする課題,現代の複雑な社会課題は、単一の学問分野だけでは解決が困難になっています。あなたが最も関心を持っている社会課題を一つ挙げ、それを解決するために、本学の「文理融合」あるいは「学際的」なカリキュラムをどのように活用して研究したいか、800字以内で述べなさい。,"要点：
1. 解決が困難な現代の複合的課題の提示（例：生命倫理、環境政策など）
2. その課題が単一の専門知識だけでは解決できない理由の考察
3. 課題解決のために必要となる複数の学問分野（例：法学と生体科学など）の提示
4. 志望大学の学際的プログラムや文理融合カリキュラムの具体的な特徴
5. それらを組み合わせた自分なりの研究アプローチの立案
6. 社会的意義や将来のビジョン

採点ポイント：課題の複合性を深く理解できているかが問われます。また、大学の学際的なカリキュラムを単に羅列するのではなく、自身の研究目的の達成にどう不可欠かを論理的に説明できているかが評価の対象です。",,発展,学校推薦型選抜・総合型選抜 だれでも上手にまとまる 志望理由書合格ノート.pdf (複数の専攻分野を同時に履修できる学際系学部の志望理由書作成メソッドを応用),NotebookLM（131資料）
NLM-035,志望理由書,読書体験を起点とした学問的探究,高校生活の中で読んだ本（教科書や参考書を除く）の中で、あなたの価値観や進路選択に最も大きな影響を与えた一冊を挙げてください。その本から得た知見や疑問を踏まえ、本学の文学部（または人文学部）でどのようなテーマを深く探究したいか、600字以内でまとめなさい。,"要点：
1. 影響を受けた書籍の紹介と、その内容の簡潔な要約
2. その本を読んで生じた自身の価値観の変化や新たな疑問の提示
3. 疑問を解決、あるいはさらに探究したいという知的好奇心の表現
4. その探究テーマが志望する学部・学科の学問領域とどのように合致するかの説明
5. 大学で学びたい具体的な分野や時代の指定

採点ポイント：読書感想文に終わらず、本から得た知見が「学問的な問い」へと昇華されているかが重要です。大学での研究内容が、その問いの延長線上にあることが論理的に伝わるかを評価します。",,基礎,365日の小論文_ ここから始める練習・解説帳.pdf (関心領域における知識の蓄積と、書籍からの影響を志望理由に結びつける指導観点を応用),NotebookLM（131資料）
NLM-036,志望理由書,組織運営の経験と経営学・社会学,あなたが所属していた部活動や委員会などの課外活動において、組織を運営する上で直面した最大の困難は何でしたか。その困難にどのように対処したかを含めて述べた上で、その経験から生じた「組織と人間」に関する問いを、本学でどのように学術的に研究したいか論じなさい。（800字）,"要点：
1. 課外活動における組織運営上の具体的な困難（対立、モチベーション低下など）の提示
2. 困難に対する自身のアプローチと行動の具体例
3. 経験を通じて得た組織や人間関係に関する気づきや教訓
4. その気づきから導き出された「組織論」「社会心理学」などに関する学術的な問い
5. 志望大学の関連する講義や研究室での学びの計画
6. 将来、社会の組織の中でどう貢献したいかの展望

採点ポイント：単なる部活動の成果アピールではなく、直面した課題から「普遍的な組織の課題」へと視野を広げられているかを評価します。実体験に基づいた学問への動機づけができているかが鍵となります。",,標準,ES・面接の回答構造ガクチカ・自己PR・志望動機.pdf (過去の実体験に基づく問題意識から学部を選択する構成法を応用),NotebookLM（131資料）
NLM-037,志望理由書,日常の疑問から始まる専門研究の志望,日常生活を送る中で、あなたが「なぜこうなっているのだろう」「もっとこうすれば良いのに」と疑問や不満を抱いた事象を一つ挙げてください。その事象の背景にある社会的・構造的な原因を考察し、本学での学びを通じてどのようにその解決策を探究したいか、800字以内で記述しなさい。,"要点：
1. 身近な生活の中で発見した具体的な疑問や問題の提示
2. その問題が放置されている背景や構造的な原因に関する独自の仮説
3. 仮説を検証し、解決策を導き出すために必要な学問分野の明示
4. 志望大学の特定の教授や研究室、プログラムへの言及
5. 大学で学びたい具体的な研究アプローチや手法

採点ポイント：日常の些細な疑問から社会の構造的な課題へと論理を飛躍させずに展開できているかが問われます。自分なりの仮説を持ち、それを大学の学問と関連づける思考力を評価します。",,標準,魔法の就活 親子関係からの自己肯定感が内定を決める.pdf (日常からの問題発見を志望に結びつける観点を応用),NotebookLM（131資料）
NLM-038,志望理由書,大学の教育実践との出会いと志望動機,あなたが本学のオープンキャンパスや公開講座、模擬授業などに参加（あるいはオンラインで視聴）して、最も印象に残った学問的アプローチや教育内容は何ですか。そこから得た気づきと、自身の将来の目標を照らし合わせ、本学を第一志望とする理由を600字以内で述べなさい。,"要点：
1. 大学のイベントや模擬授業等で実際に触れた具体的な内容の提示
2. その内容から受けた知的な刺激や、高校までの学びとの違いの発見
3. 自身の将来の目標や成し遂げたいこと（To Be）の明確化
4. 大学で提供される教育（印象に残ったアプローチ）が、目標達成にいかに必要かの論証
5. 他大学にはない本学独自の魅力や教育環境への言及

採点ポイント：大学のパンフレットの丸写しではなく、自分の体験や感覚を通した言葉で大学の魅力を語れているかが重要です。自分の将来像と大学の教育理念が一致している（マッチング）ことが伝わるかを評価します。",,基礎,学校推薦型選抜・総合型選抜 だれでも上手にまとまる 志望理由書合格ノート.pdf (模擬授業等での具体的なエピソードを用いて志望校への熱意を伝える手法を応用),NotebookLM（131資料）
NLM-039,志望理由書,特定研究室での探究計画と志望理由,本学に所属する特定の教員（教授など）の研究テーマに関心を持ったきっかけと、その教員の指導のもとであなたが大学入学後に具体的に取り組みたい研究計画について、自身のこれまでの学習や探究活動の成果を踏まえて800字以内で説明しなさい。,"要点：
1. 自身のこれまでの探究活動や学習の成果の簡潔なまとめ
2. その探究過程で生じた新たな課題や、高校段階では解決できなかった限界の提示
3. 志望する教員の具体的な研究テーマや論文・著書との出会い
4. その教員の研究アプローチが自身の課題解決にどう直結するかの説明
5. 大学入学後に行いたい具体的な研究計画（目的、方法など）

採点ポイント：教員の研究内容を正確に理解していることと、これまでの自身の探究活動の延長線上にその研究室での学びが位置付けられているかの一貫性を評価します。",,発展,高１からはじめる志望理由書・面接対策 もう失敗しない！ 高１からはじめる大学受験シリーズ.pdf (高校での探究の限界から特定の教授のもとでの検証を希望する研究計画の構成法を応用),NotebookLM（131資料）
NLM-040,志望理由書,社会構造の変化に対する自身のキャリア,近年、テクノロジーの進化や環境問題への対応などにより、産業構造や社会システムが大きく変革しています。この変革期において、あなたはどのような分野で専門性を発揮し、社会に貢献したいと考えていますか。その専門性を確立するために、本学で何を学ぶ必要があるか、600字以内で論じなさい。,"要点：
1. 現代の社会構造の変革（DX、GXなど）に対する自身の認識の提示
2. 変革期において必要とされる新たな価値や役割の考察
3. その中で自身が担いたい具体的なキャリアや専門性の提示
4. その専門性を培うために必要な学問的知識やスキルの明示
5. 志望大学の関連する学部・学科が提供する教育プログラムとの合致

採点ポイント：社会の大きな変化を客観的に捉えつつ、その中で自分がどのような主体的な役割を果たすかという「当事者意識」を持っているかを評価します。大学での学びがその手段として機能しているかどうかが重要です。",,標準,２万２０００人超を導いた就活コンサルタントが教える これだけ！内定.pdf (社会の変化やニュースに対して当事者意識を持ち、自身の志望理由に結びつける視点を応用),NotebookLM（131資料）
NLM-041,志望理由書,情報社会におけるメディアの役割と探究,SNSの普及により誰もが情報発信できるようになった反面、フェイクニュースや誹謗中傷などの問題も深刻化しています。表現の自由と情報環境の健全化というテーマについてあなたの問題意識を述べ、本学のメディア系（または社会学系）の学部でどのような解決策を探究したいか、800字以内でまとめなさい。,"要点：
1. 情報社会における利点と問題点（フェイクニュース等）の対比
2. 表現の自由と規制・健全化のバランスに関する自身のアプローチ
3. 問題の根本原因（メディアリテラシー、プラットフォームのアルゴリズム等）の考察
4. これらの問題を多角的に分析するためのメディア学や社会学の必要性
5. 志望大学で具体的に受講したい講義や研究したいテーマの提示

採点ポイント：情報社会の課題に対して一方的な規制論に偏らず、表現の自由とのジレンマを理解した上で論理的に問題提起できているかを評価します。大学での研究テーマに具体性があるかが鍵です。",,発展,【2026年度】小論文の頻出テーマ予想10選| ProofPath (「SNS・情報リテラシー」のテーマをメディア学部や社会学部の志望理由に昇華させる観点を応用),NotebookLM（131資料）
NLM-042,志望理由書,10年後の理想像から逆算する大学4年間,今から10年後、あなたはどのような大人になり、社会でどのような役割を果たしていたいですか。その明確なビジョンを描いた上で、その理想像に到達するために、本学での4年間でどのような知識や経験を積み重ねる計画か、ロードマップを含めて800字以内で記述しなさい。,"要点：
1. 10年後の具体的で明確な自身の理想像（職業、社会での役割）の提示
2. その理想像を持つに至った過去の原体験やきっかけ
3. 現在の自分と理想像との間にあるギャップの自己分析
4. ギャップを埋めるための大学4年間の段階的な学修計画（ロードマップ）
5. 志望大学の提供するプログラム（留学、産学連携、ゼミ等）をどう活用するかの具体策

採点ポイント：将来のビジョンが明確であり、そこから逆算して「今、大学で何をすべきか」が計画的に示されているかを評価します。大学を「目標達成のためのリソース」として適切に位置付けているかが重要です。",,標準,志望理由書に書くのは３つだけ。【書き方と具体例】 | GTE Blog (将来像（To Be）から現在のギャップを逆算し、大学で学ぶべき理由をアピールするフレームワークを応用),NotebookLM（131資料）
NLM-043,志望理由書,多文化共生と伝統文化の継承,グローバル化が進む一方で、日本各地の伝統文化や地域固有の産業が衰退の危機にあります。異なる文化を受け入れることと、自国の文化を守り発信することの両立についてあなたの考えを述べ、その実現に向けて本学の国際系（あるいは文化系）学部で何を学びたいか論じなさい。（800字）,"要点：
1. グローバル化と地域文化の衰退という現状の課題の提示
2. 異文化理解と自国文化のアイデンティティ保持の両立に関する自身の見解
3. 伝統文化や地域産業を世界に発信するための具体的なアイデアや仮説
4. それを実現するための語学力や多文化共生に関する学問的アプローチの必要性
5. 志望大学のカリキュラムや留学制度を活用した具体的な学びの計画

採点ポイント：グローバル化を単なる語学学習と捉えるのではなく、自国の文化との相互作用という深い視点で捉えられているかを評価します。文化理解のアプローチが具体的であるかがポイントです。",,発展,【2026年度大学入試】小論文の頻出テーマがわからず対策に悩む受験生は必見 ｜ スタジオ学院 (国際関係学や文化学の志望に結びつける観点を応用),NotebookLM（131資料）
NLM-044,志望理由書,医療現場の課題解決と専門職の使命,医療や福祉の現場では、患者の自己決定権と専門家としての判断が対立するなど、正解のない倫理的ジレンマに直面することがあります。あなたが目指す医療・福祉職において、このような課題にどう向き合うべきと考えますか。その上で、本学でどのような専門性と人間性を養いたいか、600字以内で述べなさい。,"要点：
1. 目指す医療・福祉職種の明確化
2. 現場で起こりうる具体的な倫理的ジレンマ（例：延命治療、意思決定支援など）の提示
3. ジレンマに対して、専門職としてどう寄り添い、調整していくかという自身のスタンス
4. 高度な専門知識だけでなく、対人関係能力や倫理観が必要であることの自覚
5. 本学の臨床実習や人間教育のプログラムを通じて、それらをどう培うかの具体的な計画

採点ポイント：医療・福祉職が直面する困難さを現実的に捉え、単なる憧れではなく覚悟を持っているかが問われます。知識技術の習得に加え、人間性や倫理観を養う場として大学を位置付けているかを評価します。",,標準,医学部小論文｜ 倫理的ジレンマをどう整理するか (医療の現場で実際に直面する課題に対する思考力と、専門職としての倫理観を問う観点を応用),NotebookLM（131資料）
NLM-045,面接,尊敬する人物とその理由,これまでの人生で、歴史上の人物でも身近な人でも構いませんので、あなたが最も尊敬する人物を教えてください。また、その人のどのような点に惹かれ、それを自分の生き方にどう取り入れたいと考えていますか。,"要点：
1. 尊敬する人物の具体的な提示（身近な人でも歴史上の人物でも可）
2. その人物のどのような特徴や行動を尊敬しているかの客観的な説明
3. なぜその特徴に魅力を感じるのかという、自身の価値観や判断基準の提示
4. その人物の姿勢から影響を受けて、自分が実際にとった行動の具体的事例
5. その人物から学んだ教訓の一般化・抽象化
6. 大学入学後、その教訓をどのように学修や活動に活かしていくかの展望

採点ポイント：単なる偉人伝の要約や表面的な称賛に終わらず、その人物を通して自分自身の価値観や行動指針を明確に語れているかが重要です。具体的なエピソードと将来への接続性を評価します。",,基礎,国公立大学「推薦入試・ＡＯ入試」 これで合格_.pdf (尊敬する人物の選び方と自身のエピソードの関連付けの指導観点),NotebookLM（131資料）
NLM-046,面接,困難な状況下でのストレス対処,大学での研究や実習、あるいは課外活動において、思い通りにいかず大きなストレスを感じることがあると思います。あなたは普段、困難に直面してストレスを感じた際、どのように気持ちを切り替え、対処していますか。具体的なエピソードを交えて答えてください。,"要点：
1. 自身がストレスを感じやすい状況やパターンの客観的な分析
2. ストレスを感じた際に表れる自身の心身の反応への自覚
3. 実際に行っている具体的なストレス解消法や対処法（趣味、相談、休養など）
4. 過去に直面した具体的な困難と、その解消法を用いて乗り越えたエピソード
5. ストレスを乗り越えた後に得られた自己成長や気づき
6. 大学の高度な学修環境下でも、その対処法を応用して適応できるというアピール

採点ポイント：自身の弱さやストレス反応を隠さず客観的に自己認識できているかを評価します。また、具体的な対処法を持っており、大学入学後のプレッシャーにも耐え得る「レジリエンス（精神的回復力）」があるかを見極めます。",,標準,採用側の本音を知れば就職面接は９割成功する.pdf (ストレスの解消法についての質問意図を応用),NotebookLM（131資料）
NLM-047,面接,価値観の異なる相手との協働,大学のグループワークなどで、どうしても価値観が合わない、あるいは苦手だと感じる人と一緒に作業をしなければならない場面があったとします。その際、あなたはどのように接し、どのように協働して目標を達成しようとしますか。,"要点：
1. 自身が「価値観が合わない・苦手」と感じる人物像の客観的な定義
2. 感情的に反発するのではなく、まずは相手の背景や意図を理解しようとする傾聴の姿勢
3. 感情とタスクを切り離し、共通の目的を共有して協力する論理的なアプローチ
4. 過去に苦手な人と協力して成果を出した、または関係性を改善した具体的なエピソード
5. 相手の長所や得意分野を見つけ、役割分担を工夫する具体策
6. チームワークにおける自身の調整能力と、多様性を受容する寛容さのアピール

採点ポイント：他責思考に陥ったり関係を断絶したりせず、価値観が異なる他者とも建設的にプロジェクトを進められる成熟したコミュニケーション能力と多様性の受容姿勢を評価します。",,発展,ES・面接の回答構造ガクチカ・自己PR・志望動機＋17問.pdf (苦手な人との仕事への対処法の観点),NotebookLM（131資料）
NLM-048,面接,自分を表すキャッチコピーと理由,あなた自身を、色、動物、または一言のキャッチコピーで例えるとしたら何になりますか。なぜそのように自分を客観視しているのか、これまでの経験を踏まえて説明してください。,"要点：
1. 自分を表すキャッチコピーや例え（色、動物、物など）の簡潔な提示
2. なぜその言葉（例え）を選んだのかの論理的な理由と特性の説明
3. その特性が最もよく表れている過去の具体的な行動エピソード
4. 他者からの客観的な評価（「友人からもよくこう言われる」など）の補強
5. その特性が持つポジティブな側面と、あえて挙げるなら留意すべき側面の自己分析
6. その特性が、志望する学問分野や将来の目標達成にどう有利に働くかの接続

採点ポイント：自己客観視能力と、それを比喩や短い言葉で的確に伝える表現力を評価します。突飛な例えである必要はなく、理由とエピソードの説得力・一貫性が重視されます。",,基礎,採用側の本音を知れば就職面接は９割成功する.pdf (あなたを〇〇に例えると何ですか？の質問意図),NotebookLM（131資料）
NLM-049,面接,価値観を変えたターニングポイント,あなたのこれまでの人生で、自身の価値観や考え方が大きく変わった「ターニングポイント」となる出来事は何でしたか。その経験から何を学び、現在の自分にどう影響を与えているか教えてください。,"要点：
1. 人生のターニングポイントとなった具体的な出来事・時期の提示
2. その出来事が起こる前の自身の考え方や状況、未熟だった点の自己分析
3. その出来事が自身の内面に与えた衝撃や感情の動き
4. 出来事を通じて得られた新たな価値観や教訓の明示
5. その価値観の変化が、現在の進路選択（志望校・学部）にどう直接的に結びついているかの説明
6. 今後その経験と価値観をどのように発展させ、社会に貢献していきたいかの抱負

採点ポイント：出来事そのものの規模の大きさよりも、その経験から何を内省し、どのように自己の成長や進路決定の原動力に昇華させたかという「思考の深さと一貫性」を評価します。",,標準,採用側の本音を知れば就職面接は９割成功する.pdf (人生のターニングポイントに関する意図の応用),NotebookLM（131資料）
NLM-050,面接,未知の課題へのアプローチ,もし、大学の授業や研究で、これまで全く学んだことのない未知の課題を出されたとします。現時点で答えがわからない状況に直面したとき、あなたはまずどのような行動をとり、どのように解決の糸口を探しますか。,"要点：
1. わからないことに対してパニックにならず、冷静に状況を受け止める姿勢の提示
2. 自分に不足している知識や情報が具体的に何かを因数分解する手順
3. 信頼できる情報源（書籍、論文、信頼できるウェブサイトなど）を活用した主体的なリサーチ計画
4. 自力で限界がある場合は、教員や専門家、友人に適切に質問し協力を仰ぐコミュニケーション力
5. 収集した情報を整理し、最終的に自分なりの仮説や結論を導き出すプロセスの提示
6. 未知の課題に取り組むこと自体を成長の機会と捉える前向きな態度の表現

採点ポイント：「わからない」という状況をごまかさず素直に認めた上で、どのように論理的かつ主体的に問題解決に向かうかという「学問に向かう基本姿勢（リサーチリテラシーと知的好奇心）」を評価します。",,標準,大学職員面接回答事例集59.pdf (答えられない質問が出された時の対応のポイントを応用),NotebookLM（131資料）
NLM-051,面接,集団での意見対立と調整行動,チームで活動している際、メンバー間で意見が真っ二つに分かれて激しく対立してしまったとします。その中で、あなたは通常どのような役割を担い、どのようにして合意形成に導こうとしますか。過去の経験があればそれも交えてください。,"要点：
1. グループ活動で意見が対立した具体的な過去のエピソードの提示
2. 感情的な対立を避け、両者の意見の根底にある「共通の目的」や「前提」を再確認する姿勢
3. 双方の意見をフラットに傾聴し、論点やメリット・デメリットを整理するファシリテーション能力
4. 単なる妥協案ではなく、双方のメリットを活かした第三の案（アウフヘーベン）を模索する工夫
5. その結果として得られたチームの成果と、メンバー間の関係性の変化
6. 大学での多様なバックグラウンドを持つ学生との協働において、この調整力をどう活かすかの提示

採点ポイント：自分の意見を強引に押し通す（自己主張）や単に折れる（同調）のではなく、対立を建設的な議論に変えて組織の成果を最大化しようとする協調性と論理的調整力を評価します。",,発展,大学推薦入試 面接は2つだけ言えばいい！.pdf (グループ面接での他者への接し方の観点),NotebookLM（131資料）
NLM-052,面接,最近関心を持ったニュースと見解,最近のニュースの中で、あなたが最も関心を持った出来事は何ですか。（あなたが志望する学部の専門分野以外のニュースでも構いません。）その出来事に対して、あなた自身はどのような見解を持ったか、理由とともに教えてください。,"要点：
1. 最近（概ね1年以内）の具体的なニュース・時事問題の提示
2. なぜそのニュースに関心を持ったのかという自分なりの明確な理由
3. ニュースの表面的な事実だけでなく、背景にある社会的構造や課題の分析
4. その課題に対する自分なりの独自の意見・見解の論理的な展開
5. 自身の意見に対する予想される反論への配慮（多角的な視点）
6. この問題意識を、今後の自分自身の生き方や大学での学びにどうリンクさせるかの展望

採点ポイント：単なるニュースの要約や一般的な評論の受け売りに終始せず、社会の動向に対して当事者意識を持ち、論理的な思考で自分自身の見解を構築できているかを評価します。情報感度の高さが問われます。",,標準,採用側の本音を知れば就職面接は９割成功する.pdf (最近気になるニュースとその見解の求め方),NotebookLM（131資料）
NLM-053,面接,逆質問を通じた主体性と意欲,面接の最後に、あなたから私たち（面接官・大学側）に対して何か質問はありますか。大学生活やカリキュラム、研究環境など、あなたが本当に関心を持っていることを一つ質問してください。,"要点：
1. 事前リサーチ（大学のパンフレットやウェブサイト）では得られない、一歩踏み込んだ内容であること
2. 自身の明確なビジョンや学習意欲を前提とした上での質問構成（例：「私は将来〇〇を目指していますが〜」）
3. 面接官（教員）の専門性や現場での経験に基づいた意見・知見を求める姿勢
4. 「入学前にどのような準備・学習をしておけば、〇〇のプログラムを有意義に活用できるか」など前向きな内容
5. 質問の意図が簡潔かつ論理的に伝わる適切な言葉遣い

採点ポイント：逆質問自体を一つの「自己表現の場」と捉え、大学への高い志望度と主体的な学びへの意欲をアピールできているか。単なる調べ不足による事実確認の質問ではないことが重要です。",,基礎,大学推薦入試 面接は2つだけ言えばいい！.pdf (面接の最後の質問は志望動機に関係した質問をするという指導),NotebookLM（131資料）
NLM-054,面接,他大学との比較と進学の覚悟,本学のほかに受験している大学（併願校）はありますか。もし本学と他大学の両方に合格した場合、最終的に本学を選ぶ決定的な理由は何になりますか。本学でなければならない理由を教えてください。,"要点：
1. 併願校の存在を正直に伝える誠実な態度（隠さない）
2. 併願校と本学とで共通している「大学選びの軸（基準）」の明確な提示
3. その軸に照らし合わせた上で、併願校にはなく本学にしかない独自の魅力（特定のカリキュラム、教授陣、設備など）の具体例
4. 自身の将来の目標達成において、本学の環境が最適解であることの論証
5. 他大学ではなく、絶対に本学に入学したいという明確な結論と熱意の表現
6. 入学後の具体的な活動ビジョンを添えて、本学へのマッチングを補強

採点ポイント：他大学との客観的な比較を通じて、本学のアドミッションポリシーや特色をどれだけ深く正確に理解しているかが問われます。第一志望であることの論理的な根拠が語れるかが評価の鍵です。",,発展,大学職員面接回答事例集59.pdf (他大学の併願状況を聞かれた場合の回答のポイントを応用),NotebookLM（131資料）
NLM-055,面接,自由な資源の活用と価値観,少し変わった質問をします。もし今、自由に使える1000万円が手に入ったとしたら、あなたは何に、どのように使いますか。あなたの価値観や将来の目標と結びつけて説明してください。,"要点：
1. 1000万円という資源を何に投資するかの明確な使い道の提示
2. なぜその使い道を選んだのかという、自身の価値観や行動原理の論理的な説明
3. 単なる個人的な消費や物欲ではなく、社会課題の解決や自己の圧倒的な成長など、前向きな目的であること
4. その投資によって、どのようなリターン（経験、知識、社会への還元）が得られるかの具体的なビジョン
5. その使い道から見えてくる価値観が、本学での学びの姿勢や将来の職業目標と合致していることの接続

採点ポイント：突飛な質問に対しても動揺せず、自分の行動軸や価値観を論理的に説明できるかを評価します。資金というリソースをどう活用するかから、知的好奇心の方向性や社会に対する意識の高さを見極めます。",,標準,大学推薦入試 面接は2つだけ言えばいい！.pdf (「1000万円手に入ったら」など変わった質問の意図の応用),NotebookLM（131資料）
NLM-056,面接,困難を乗り越えるための座右の銘,あなたがこれまでの人生で大切にしてきた言葉、あるいは「座右の銘」は何ですか。また、これまでの経験の中で、その言葉が実際にあなたの行動を後押ししたり、支えになったエピソードを教えてください。,"要点：
1. 座右の銘や大切にしている言葉の提示と、その意味の簡潔な説明
2. その言葉に出会ったきっかけ（人物からの助言、本、特定の経験など）
3. これまでの人生で、困難や壁に直面した際にその言葉をどう思い出し、どう自らを鼓舞したかの具体的なエピソード
4. その言葉を胸に行動を起こした結果、得られた成果や自己成長
5. 大学生活での学問的探究や将来のキャリアにおいても、その言葉の精神をどう活かしていくかの展望

採点ポイント：単に立派な言葉を知っているだけでなく、その言葉が自身の行動原理として血肉になっているかが問われます。選んだ言葉と自身のエピソードとの論理的な整合性が評価の対象です。",,基礎,ES・面接の回答構造ガクチカ・自己PR・志望動機＋17問.pdf (座右の銘／モットーの質問意図),NotebookLM（131資料）
NLM-057,面接,学業以外で大学時代に挑戦したい事,大学では専門的な学修や研究に打ち込むことになりますが、それ以外の時間（課外活動、留学、個人の探究など）で、新たに挑戦してみたいことは何ですか。それがあなたの成長にどう繋がると考えていますか。,"要点：
1. 学業以外で新たに取り組みたい具体的な活動（ボランティア、サークル、起業、長期インターンなど）の提示
2. なぜその活動に挑戦したいのかという明確な動機やきっかけ
3. その活動を通じて身につけたいスキルや経験（対人関係能力、異文化理解、リーダーシップなど）の明示
4. 専門分野の学修と、その課外活動がどのように相互作用し、相乗効果を生むかの独自の考察
5. 卒業後の将来の目標に向けて、その挑戦の経験がどう社会で役立つかの長期的なビジョン

採点ポイント：大学を単なる「知識習得の場」としてだけでなく「人間的成長の場」として総合的に捉えられているか。課外活動が学修の逃げ道ではなく、キャリア形成のプラスの経験として位置づけられているかを評価します。",,標準,採用側の本音を知れば就職面接は９割成功する.pdf (学業以外で力を入れたいことの意図),NotebookLM（131資料）
NLM-058,面接,最近感動した出来事と感性,最近、本や映画、あるいは日常生活の出来事の中で、あなたが最も心を動かされた、または感動したことは何ですか。どのような部分に共感し、それが自分にどんな気づきを与えたのか教えてください。,"要点：
1. 最近心を動かされた具体的な出来事（芸術作品、人との出会い、日常の風景など）の明確な提示
2. その対象のどのような要素（行動、言葉、美しさなど）に対して感動したのかの客観的な分析
3. なぜ自分がそこに強く共感したのかという、自身の価値観やこれまでの経験との接点
4. その感動から得られた新たな「気づき」や「自分自身の行動・考え方の変化」
5. その豊かな感性や気づきを、今後の大学での深い学びや他者との関わりにどう生かしていくかの表現

採点ポイント：感性の豊かさと、外部からの刺激を自己の成長や行動の変容に結びつける「感受性と内省力」を評価します。抽象的な感情を、論理的な言葉で第三者に伝わるように説明できるかがポイントです。",,基礎,採用側の本音を知れば就職面接は９割成功する.pdf (最近感動したことからの人間性の把握),NotebookLM（131資料）
NLM-059,小論文,ジョブ型雇用の導入と日本社会,近年、日本の企業において従来の「メンバーシップ型雇用」から職務内容を明確にする「ジョブ型雇用」への転換を模索する動きが見られます。この背景にある産業構造や社会の変化を説明した上で、ジョブ型雇用の導入が働く人々にどのような影響を与えるか、あなたの考えを800字以内で述べなさい。,"論点：
1. メンバーシップ型雇用の特徴（終身雇用、年功序列など）と現代における限界
2. ジョブ型雇用が注目される背景（グローバル化、専門人材の不足、働き方の多様化）
3. 働く人にとってのメリット（専門性の評価、ライフスタイルに合わせた労働）
4. 働く人にとってのデメリットや課題（スキル格差の拡大、雇用の不安定化）
5. 日本の労働環境に適応させるための制度的・社会的な工夫

想定構成：
【序論】ジョブ型雇用への転換が進む背景と、その変化に対する自身の立場（賛成・条件付き賛成など）
【本論1】産業構造の変化に基づくジョブ型雇用の必要性と労働者側のメリット
【本論2】想定されるデメリット（格差の広がり等）とそれに対する反論・対応策
【結論】持続可能な働き方を実現するための、これからの社会に求められる方策とまとめ

採点ポイント：
二つの雇用形態の違いを正確に理解し、多角的な視点（企業側だけでなく労働者側）からメリットとデメリットを比較できているかが重要です。単なる用語の説明に留まらず、自身の見解として今後の日本の労働環境に対する建設的な提案がなされているかを評価します。",,発展,【2026年度】小論文の頻出テーマ予想10選| ProofPath (テーマ9：働き方改革における「ジョブ型雇用」の出題傾向と論点整理を応用),NotebookLM（131資料）
NLM-060,小論文,若者の政治参加と民主主義の課題,現代の日本において、若年層の選挙の投票率低下が続いており、若者の政治参加の低迷が課題となっています。若者が政治に関心を持ちにくい理由を分析した上で、この課題を解決し若者の政治への参画を促すために有効だと考える具体的な方策を600字以内で論じなさい。,"論点：
1. 若者の投票率低下という現状の課題の客観的な提示
2. 政治に関心を持ちにくい理由（政治的効力感の低下、世代間の人口格差、情報の届きにくさ）
3. 政治参加の低迷がもたらす社会や民主主義への負の影響（シルバー民主主義など）
4. 若者の関心を高めるための教育的アプローチ（主権者教育の充実など）
5. 政治参加へのハードルを下げる制度的アプローチ（インターネット投票の導入検討など）
6. 解決策を実施した際に期待される効果と社会の展望

想定構成：
【序論】若者の政治参加低迷という現状認識と、対策の必要性の提示
【本論1】若者が政治に関心を持てない構造的な理由（人口比率による諦めなど）の分析
【本論2】課題を解決するための具体的かつ実現可能な教育面や制度面からの方策の提案
【結論】若者の政治参加が社会全体の未来に及ぼすポジティブな意義とまとめ

採点ポイント：
「若者の無関心」という表面的な理由だけでなく、少子高齢化に伴う世代間の人口格差や教育制度など、背景にある構造的な問題を深く分析できているかが問われます。また、方策が具体性を伴い、論理的な一貫性を持っているかが評価されます。",,標準,【2026年度大学入試】小論文の頻出テーマがわからず対策に悩む受験生は必見 ｜ スタジオ学院 (法・政治学系の頻出テーマ「若者の政治参加」の出題傾向を応用),NotebookLM（131資料）
